image_filename;mean_color_red;mean_color_green;mean_color_blue
pcb_2;189.93847684001136;212.4951690821256;183.92980960500142
pcb_8;183.25473321858863;199.75593803786575;194.0013769363167
pcb_1;179.46840217091344;206.3909483948119;194.92319013890167
pcb_6;191.1511423550088;205.79232571763328;188.54452255418863
pcb_4;188.6088203657225;202.18106848332735;192.88275367515237
pcb_3;164.0814736364324;200.10515167561843;188.6349950828353
pcb_5;190.2277413308341;207.15526398000625;199.5279600124961
pcb_7;184.7078838174274;202.08547717842325;196.49170124481327
