image_filename;mean_color_red;mean_color_green;mean_color_blue
laton_1;146.70690307659962;169.8040390590324;178.3464223141075
