image_filename;mean_color_red;mean_color_green;mean_color_blue
cobre_1;143.41145075253544;140.9482366047911;137.49942442842817
cobre_2;117.07754995271344;123.76207819385476;128.98221220596815
