image_filename;mean_color_red;mean_color_green;mean_color_blue
zinc_1;202.75071640864127;203.19861154238566;190.55201614691921
