image_filename;mean_color_red;mean_color_green;mean_color_blue
brass_1;132.0999108715028;128.77013543183844;153.45040325210323
