image_filename;mean_color_red;mean_color_green;mean_color_blue
brass_1;80.35355753135802;123.11193234929675;140.71128888502423
