image_filename;mean_color_red;mean_color_green;mean_color_blue
copper_1;83.07554989786554;105.73373989756949;136.43020811746945
