image_filename;mean_color_red;mean_color_green;mean_color_blue
copper_1;119.49847538411439;137.1081737173984;145.3785784067024
