image_filename;mean_color_red;mean_color_green;mean_color_blue
pcb_1;105.66463846044998;126.83537164688997;115.78742242616588
