image_filename;mean_color_red;mean_color_green;mean_color_blue
pcb_1;131.2938810163941;120.10952313570115;138.16472942650952
