image_filename;mean_color_red;mean_color_green;mean_color_blue
zinc_1;147.15479739051935;127.86206544141443;130.88444701834473
