image_filename;mean_color_red;mean_color_green;mean_color_blue
zinc_1;135.27832189272513;140.18785876100767;142.2258427157676
